4,MCO116391,https://www.amazon.com/s?k=Tratamientos+para+ventanas&i=garden&rh=n%3A1055398%2Cn%3A1063278%2Cn%3A1063302%2Cn%3A3736181%2Cp_85%3A2470955011%2Cp_72%3A1248915011&dc&language=es&ds=v1%3A%2BW1EP%2BS0BZUsjZHIGIvX4eIfOmWBNjkmTp%2FssRxw6Dw&__mk_es_US=ÅMÅŽÕÑ&pf_rd_p=5025b619-3fa1-4bd0-873b-261d1c339d99&pf_rd_r=CT1CVDV987E71SAPVZQN&qid=1720017340&rnid=1063302&ref=sr_nr_n_1
4,MCO116391,https://www.amazon.com/s?k=Tratamientos+para+ventanas&i=garden&rh=n%3A1055398%2Cn%3A1063278%2Cn%3A1063302%2Cn%3A3736141%2Cp_85%3A2470955011%2Cp_72%3A1248915011&dc&language=es&ds=v1%3A7TOmGCYjG%2F4rqxlUhfweN3Naocud0rxV%2BEOt2qxaKUc&__mk_es_US=ÅMÅŽÕÑ&pf_rd_p=5025b619-3fa1-4bd0-873b-261d1c339d99&pf_rd_r=CT1CVDV987E71SAPVZQN&qid=1720017340&rnid=1063302&ref=sr_nr_n_2
4,MCO456756,https://www.amazon.com/s?k=Tratamientos+para+ventanas&i=garden&rh=n%3A1055398%2Cn%3A1063278%2Cn%3A1063302%2Cn%3A14236221%2Cp_85%3A2470955011%2Cp_72%3A1248915011&dc&language=es&ds=v1%3Asc4qzQvkXBzbmaKgrjK8YNo0k3XhZLTllcqZBLGRSr4&__mk_es_US=ÅMÅŽÕÑ&pf_rd_p=5025b619-3fa1-4bd0-873b-261d1c339d99&pf_rd_r=CT1CVDV987E71SAPVZQN&qid=1720017340&rnid=1063302&ref=sr_nr_n_3
20,MCO116391,https://www.amazon.com/s?k=Tratamientos+para+ventanas&i=garden&rh=n%3A1055398%2Cn%3A1063278%2Cn%3A1063302%2Cn%3A3736121%2Cp_85%3A2470955011%2Cp_72%3A1248915011&dc&language=es&ds=v1%3AN85zMSBFXi42Ci%2BO9f6ZN%2BdWPcJlJCglhSUcxAigdI0&__mk_es_US=ÅMÅŽÕÑ&pf_rd_p=5025b619-3fa1-4bd0-873b-261d1c339d99&pf_rd_r=CT1CVDV987E71SAPVZQN&qid=1720017340&rnid=1063302&ref=sr_nr_n_4
2,MCO116395,https://www.amazon.com/s?k=Tratamientos+para+ventanas&i=garden&rh=n%3A1055398%2Cn%3A1063278%2Cn%3A1063302%2Cn%3A16136294011%2Cp_85%3A2470955011%2Cp_72%3A1248915011&dc&language=es&ds=v1%3AvgB5O1FYwucWhgqYXxcQ9AgCrRadi5LrzCOsFMQbfZE&__mk_es_US=ÅMÅŽÕÑ&pf_rd_p=5025b619-3fa1-4bd0-873b-261d1c339d99&pf_rd_r=CT1CVDV987E71SAPVZQN&qid=1720017340&rnid=1063302&ref=sr_nr_n_5
1,MCO116395,https://www.amazon.com/s?k=Tratamientos+para+ventanas&i=garden&rh=n%3A1055398%2Cn%3A1063278%2Cn%3A1063302%2Cn%3A16136295011%2Cp_85%3A2470955011%2Cp_72%3A1248915011&dc&language=es&ds=v1%3AI32SPmUNfw4BV%2BGh1O4E2aFtc458tT8XQbhDrH%2BhylY&__mk_es_US=ÅMÅŽÕÑ&pf_rd_p=5025b619-3fa1-4bd0-873b-261d1c339d99&pf_rd_r=CT1CVDV987E71SAPVZQN&qid=1720017340&rnid=1063302&ref=sr_nr_n_6
15,MCO164723,https://www.amazon.com/-/es/s?i=garden&rh=n%3A684541011%2Cp_85%3A2470955011%2Cp_72%3A1248915011&dc&fs=true&language=es&pf_rd_p=5025b619-3fa1-4bd0-873b-261d1c339d99&pf_rd_r=CT1CVDV987E71SAPVZQN&qid=1720017349&ref=sr_nr_p_72_1&ds=v1%3AbUN6OqvOCDFYtrNBMPt9B7LYRRGl9pvYINhNxoIiJ%2B0
5,MCO164724,https://www.amazon.com/-/es/s?keywords=Marcos+de+Fotos&i=garden&rh=n%3A1063286%2Cp_85%3A2470955011%2Cp_72%3A1248915011&dc&language=es&c=ts&qid=1720017357&ts_id=1063286&ref=sr_nr_p_72_1&ds=v1%3ATCkaMM0MCJ2%2B%2FZrztSCvlPTBDo%2BuHI1IMXFnB%2FI%2F39k
2,MCO441313,https://www.amazon.com/-/es/s?i=garden&rh=n%3A3734391%2Cp_85%3A2470955011%2Cp_72%3A1248915011&dc&fs=true&language=es&pf_rd_p=5025b619-3fa1-4bd0-873b-261d1c339d99&pf_rd_r=CT1CVDV987E71SAPVZQN&qid=1720017372&ref=sr_nr_p_72_1&ds=v1%3AqFEH33QfMyMc8TDNFgab3tRpb1lWs1346d%2FRKaGCJVY
2,MCO417302,https://www.amazon.com/-/es/s?i=garden&rh=n%3A3736021%2Cp_85%3A2470955011%2Cp_72%3A1248915011&dc&fs=true&language=es&qid=1720017438&ref=sr_nr_p_72_1&ds=v1%3AHe01dYZCxdMJAqOVI0lQqq9fBexE3ubBkTs09VajBpY
4,MCO378160,https://www.amazon.com/-/es/s?keywords=Frontones+Decorativos&i=garden&rh=n%3A3736051%2Cp_85%3A2470955011%2Cp_72%3A1248915011&dc&language=es&c=ts&qid=1720017453&ts_id=3736051&ref=sr_nr_p_72_1&ds=v1%3ADczFSXlcqDFSESBYlsZ14k20zE99jayJCZ9d9yHI7tA
2,MCO7156,https://www.amazon.com/-/es/s?keywords=Cruces+y+Crucifijos+de+Pared&i=garden&rh=n%3A3259463011%2Cp_85%3A2470955011%2Cp_72%3A1248915011&dc&language=es&c=ts&qid=1720017466&ts_id=3259463011&ref=sr_nr_p_72_1&ds=v1%3Au2TRogLT0A1GvtZjJob6s31xUhrGFEpKwVrw51c41b0
4,MCO414065,https://www.amazon.com/-/es/s?i=garden&rh=n%3A3744571%2Cp_85%3A2470955011%2Cp_72%3A1248915011&dc&fs=true&language=es&qid=1720017486&ref=sr_nr_p_72_1&ds=v1%3ANRlVtOZv%2FvZFo%2F5SuIk8woMxj0Arzpo7URkh98jxqeo
2,MCO377817,https://www.amazon.com/-/es/s?keywords=Borlas+Decorativas&i=garden&rh=n%3A3735211%2Cp_85%3A2470955011%2Cp_72%3A1248915011&dc&language=es&c=ts&qid=1720017501&ts_id=3735211&ref=sr_nr_p_72_1&ds=v1%3AIY0d0VIG%2BzB8zWuCX16ESAaO71G%2BBepETLCZk%2FLxNuo
2,MCO442201,https://www.amazon.com/-/es/s?keywords=Esculturas+y+accesorios+decorativos&i=garden&rh=n%3A3735191%2Cp_85%3A2470955011%2Cp_72%3A1248915011&dc&language=es&c=ts&qid=1720017512&ts_id=3735191&ref=sr_nr_p_72_1&ds=v1%3A3m1cBJpJpYApnPQqjJ0cdWA8lLx7ZLcnbDHO%2Bjxrl0Q
3,MCO164710,https://www.amazon.com/-/es/s?keywords=Cajas+Musicales+para+Decoración&i=garden&rh=n%3A3291682011%2Cp_85%3A2470955011%2Cp_72%3A1248915011&dc&language=es&c=ts&qid=1720017524&ts_id=3291682011&ref=sr_nr_p_72_1&ds=v1%3ANMEwTXY1eFiy9m1LIQHUbI9KEbSmuge%2BBHAbof843Kk
4,MCO45969,https://www.amazon.com/-/es/s?keywords=Móviles+Decorativos&i=garden&rh=n%3A3742361%2Cp_85%3A2470955011%2Cp_72%3A1248915011&dc&language=es&c=ts&qid=1720017540&ts_id=3742361&ref=sr_nr_p_72_1&ds=v1%3ARdqhZfYJOcw1Do371fF%2BcwDqacKKKOcI59l9JAYo%2BUg
3,MCO414053,https://www.amazon.com/-/es/s?i=garden&rh=n%3A3744811%2Cp_85%3A2470955011%2Cp_72%3A1248915011&dc&fs=true&language=es&qid=1720017598&ref=sr_nr_p_72_1&ds=v1%3AuuxfnTge6%2FpVEx1Msfzh9Hbcl%2BAN7uUx4D9%2FtxsC9mA
5,MCO418204,https://www.amazon.com/-/es/s?i=garden&rh=n%3A3743991%2Cp_85%3A2470955011%2Cp_72%3A1248915011&dc&fs=true&language=es&qid=1720017630&ref=sr_nr_p_72_1&ds=v1%3AwEOtJ7EfXlguAqUVPZfVoxi40X%2BI0tSKOVI3BCfmo%2F8
6,MCO418204,https://www.amazon.com/-/es/s?i=garden&rh=n%3A3743981%2Cp_85%3A2470955011%2Cp_72%3A1248915011&dc&fs=true&language=es&qid=1720017684&ref=sr_nr_p_72_1&ds=v1%3AM3Ouxre0iRpzsgS%2FaiNzG3nFKOBqFBt%2F2MpqRQnZqB4
2,MCO414027,https://www.amazon.com/-/es/s?keywords=Atrapasueños+para+Decoración&i=garden&rh=n%3A12659353011%2Cp_85%3A2470955011%2Cp_72%3A1248915011&dc&language=es&c=ts&qid=1720017640&ts_id=12659353011&ref=sr_nr_p_72_1&ds=v1%3AgF1IKMDo80PLjv0N%2BETQOewYBr4A5spNDPvG0SSotUg
4,MCO442250,https://www.amazon.com/-/es/s?i=garden&rh=n%3A16924284011%2Cp_85%3A2470955011%2Cp_72%3A1248915011&dc&language=es_US&brr=1&qid=1720017701&rd=1&ref=sr_nr_p_72_1&ds=v1%3ApKLV6a1e4xi6DjEwMZOATeeJO53YU3yT1DZcMM7fDs8
3,MCO3398,https://www.amazon.com/-/es/s?keywords=Vehículos+Coleccionables+para+Decoración+del+Hogar&i=garden&rh=n%3A15363411%2Cp_85%3A2470955011%2Cp_72%3A1248915011&dc&language=es&c=ts&qid=1720017716&ts_id=15363411&ref=sr_nr_p_72_1&ds=v1%3AqVG3U%2BEOmCt5TFHjbENB95Bfvi19jg5U7mXKYY9zJ04
4,MCO441316,https://www.amazon.com/-/es/s?keywords=Ceniceros+para+Hogar&i=garden&rh=n%3A9442715011%2Cp_85%3A2470955011%2Cp_72%3A1248915011&dc&language=es&c=ts&qid=1720017756&ts_id=9442715011&ref=sr_nr_p_72_1&ds=v1%3AUSSmXlyXWHDikYhHTJtC39vKdISKbDCIBFfff0aF8Lc
35,MCO164704,https://www.amazon.com/-/es/s?keywords=Espejos+Decorativos&i=garden&rh=n%3A3736371%2Cp_85%3A2470955011%2Cp_72%3A1248915011&dc&language=es&c=ts&qid=1720017877&ts_id=3736371&ref=sr_nr_p_72_1&ds=v1%3AulfeCJMDxiGG2eLPK5RZYP2d2Qu%2F4pH%2BbXg5CFM5Yg8
4,MCO442331,https://www.amazon.com/-/es/s?keywords=Fragancias+para+el+Hogar&i=garden&rh=n%3A3734741%2Cp_85%3A2470955011%2Cp_72%3A1248915011&dc&language=es&c=ts&qid=1720017945&ts_id=3734741&ref=sr_nr_p_72_1&ds=v1%3AU7aO8fC75LwhgPv8jKWWAFE5rh27E7vpPoMGnOsCXBI
70,MCO7159,https://www.amazon.com/-/es/s?i=garden&rh=n%3A3733551%2Cp_85%3A2470955011%2Cp_72%3A1248915011&dc&fs=true&language=es&pf_rd_p=477eb5f0-efee-48f1-ac77-16d6008c26ee&pf_rd_r=WANYHKQC8V1DNWNSTWNE&qid=1720020748&ref=sr_nr_p_72_1&ds=v1%3AWHc7aW0RHFAwuSGQ3Nm0ogckzvGm%2B0tCKgLCP9MRs%2BU
70,MCO7159,https://www.amazon.com/-/es/s?i=garden&bbn=3733551&rh=n%3A3733551%2Cp_n_feature_two_browse-bin%3A3248836011%2Cp_85%3A2470955011%2Cp_72%3A1248915011&dc&language=es&pf_rd_p=477eb5f0-efee-48f1-ac77-16d6008c26ee&pf_rd_r=WANYHKQC8V1DNWNSTWNE&qid=1720020755&ref=sr_nr_p_72_1&ds=v1%3Auco%2FNqcpS48DTdbrxYFHTeLalyqN8kpEAsrxqs023rk
35,MCO7159,https://www.amazon.com/-/es/s?keywords=Sillas+de+Sala&i=garden&rh=n%3A3733491%2Cp_85%3A2470955011%2Cp_72%3A1248915011&dc&language=es&c=ts&qid=1720020764&ts_id=3733491&ref=sr_nr_p_72_1&ds=v1%3AtMOJNQ2EMR52cE%2BmPjkayLk60LjO1FhU52G%2Bajjn8FQ
45,MCO441796,https://www.amazon.com/-/es/s?keywords=Cabeceras+de+Cama&i=garden&rh=n%3A3248802011%2Cp_85%3A2470955011%2Cp_72%3A1248915011&dc&language=es&c=ts&qid=1720020775&ts_id=3248802011&ref=sr_nr_p_72_1&ds=v1%3A0nvdKlbHZuKHkjq9NKnij4p6EGAioOPqU9dOzz55ngg
75,MCO166352,https://www.amazon.com/-/es/s?keywords=Camas&i=garden&rh=n%3A3248804011%2Cp_85%3A2470955011%2Cp_72%3A1248915011&dc&language=es&c=ts&qid=1720020783&ts_id=3248804011&ref=sr_nr_p_72_1&ds=v1%3AK8yO5PdHT%2BwcrDmarYHEAZFUtOq08g3LlhYKAh5pJDU
50,MCO166362,https://www.amazon.com/-/es/s?keywords=Mesas+de+Sala&i=garden&rh=n%3A680098011%2Cp_85%3A2470955011%2Cp_72%3A1248915011&dc&language=es&c=ts&qid=1720020803&ts_id=680098011&ref=sr_nr_p_72_1&ds=v1%3ATpKOpz5pSn4kzJlnHXNGoyN2iYHNfFqkUjotwq597ng
45,MCO177115,https://www.amazon.com/-/es/s?keywords=Sillas+de+Escritorio+de+Oficina&i=garden&rh=n%3A3733721%2Cp_85%3A2470955011%2Cp_72%3A1248915011&dc&language=es&c=ts&qid=1720020813&ts_id=3733721&ref=sr_nr_p_72_1&ds=v1%3Az4V9%2BM1W4cZ72VuTRbA9QdxCoMh%2FzWd0h5XXdfJxcBw
40,MCO177109,https://www.amazon.com/-/es/s?keywords=Taburetes+de+Bar&i=garden&rh=n%3A3733851%2Cp_85%3A2470955011%2Cp_72%3A1248915011&dc&language=es&c=ts&qid=1720020837&ts_id=3733851&ref=sr_nr_p_72_1&ds=v1%3Ad8%2F7RKlWXTnrvUJ%2BaKuTXAzdaGUJ4VsEN%2F5mPrQFphM
18,MCO177109,https://www.amazon.com/-/es/s?keywords=Taburetes+y+Taburetes+de+Almacenamiento&i=garden&rh=n%3A3254639011%2Cp_85%3A2470955011%2Cp_72%3A1248915011&dc&language=es&c=ts&qid=1720020848&ts_id=3254639011&ref=sr_nr_p_72_1&ds=v1%3AdV5Mf%2BC1p%2Bnts2UVlBaBsvGqq81Nitl9yAmOCs%2Bvl9A
12,MCO166344,https://www.amazon.com/-/es/s?keywords=Juegos+de+Sábanas+y+Fundas+de+Almohada&i=garden&rh=n%3A3732781%2Cp_85%3A2470955011%2Cp_72%3A1248915011&dc&language=es&c=ts&qid=1720021969&ts_id=3732781&ref=sr_nr_p_72_1&ds=v1%3A%2B10zROMhDtSPXwGXztXjfGYA3nkAgk%2Fhcrqmafu%2BD4A
4,MCO116389,https://www.amazon.com/-/es/s?keywords=Almohadas+y+Soportes&i=garden&rh=n%3A1199122%2Cp_85%3A2470955011%2Cp_72%3A1248915011&dc&language=es&c=ts&qid=1720021983&ts_id=1199122&ref=sr_nr_p_72_1&ds=v1%3APwWD%2FXlBls%2BuLZuhxVugZAhagE3UOhcrq6PGgGNIbiY
12,MCO166348,https://www.amazon.com/-/es/s?keywords=Edredones&i=garden&rh=n%3A1199128%2Cp_85%3A2470955011%2Cp_72%3A1248915011&dc&language=es&c=ts&qid=1720021992&ts_id=1199128&ref=sr_nr_p_72_1&ds=v1%3Av%2FiMENfVg6ygIMAc4F3z44kiPXHvVWE4yIbLwzrLV4Q
12,MCO166348,https://www.amazon.com/s?keywords=Fundas+de+Edredones+y+Juegos+de+Niños&rh=n%3A1055398%2Cn%3A1063252%2Cn%3A1063268%2Cn%3A10671041011%2Cp_85%3A2470955011&dc&c=ts&ts_id=10671041011&ref=sr_nr_n_3
12,MCO166348,https://www.amazon.com/-/es/s?i=garden&rh=n%3A14053331%2Cp_85%3A2470955011%2Cp_72%3A1248915011&dc&fs=true&language=es&pf_rd_p=4ffef7bf-09bf-4eab-8038-4994dbbe88db&pf_rd_r=V44KN4GER2SEGQG49ZZ6&qid=1720022093&ref=sr_nr_p_72_1&ds=v1%3AcRW7tTRo277AiKsFMq8xcTwl0keoTcqsxJMvN%2B7qstU
12,MCO166345,https://www.amazon.com/-/es/s?keywords=Colchas&i=garden&rh=n%3A3732171%2Cp_85%3A2470955011%2Cp_72%3A1248915011&dc&language=es&c=ts&qid=1720022086&ts_id=3732171&ref=sr_nr_p_72_1&ds=v1%3AzSY%2FY4L9QQmHbayMaiBEXzOb3pMdLI0MIVao4gTnfyo
12,MCO166346,https://www.amazon.com/-/es/s?keywords=Cobijas+para+Cama&i=garden&rh=n%3A3732181%2Cp_85%3A2470955011%2Cp_72%3A1248915011&dc&language=es&c=ts&qid=1720022291&ts_id=3732181&ref=sr_nr_p_72_1&ds=v1%3AMyd9pd8bV0cixaURvQ5CeoVJshClFMOXge194GwckcQ
6,MCO414173,https://www.amazon.com/-/es/s?keywords=Mantas+Eléctricas&i=garden&rh=n%3A3732191%2Cp_85%3A2470955011%2Cp_72%3A1248915011&dc&language=es&c=ts&qid=1720022039&ts_id=3732191&ref=sr_nr_p_72_1&ds=v1%3AWFI2WCStErrccVKdtiC9ckVXHRt4oajmRLXAaw4aAYo
15,MCO166646,https://www.amazon.com/-/es/s?i=garden&bbn=1063252&rh=n%3A17874224011%2Cp_85%3A2470955011%2Cp_72%3A1248915011&dc&language=es&pf_rd_p=4ffef7bf-09bf-4eab-8038-4994dbbe88db&pf_rd_r=V44KN4GER2SEGQG49ZZ6&qid=1720021999&ref=sr_nr_p_72_1&ds=v1%3AiRO54V4AQB%2BpE%2BREBehh2C037P%2BKWj8we8NHkejEuWU
35,MCO436413,https://www.amazon.com/-/es/s?i=lawngarden&bbn=2972638011&rh=n%3A553830%2Cp_85%3A2470955011%2Cp_72%3A2661618011&dc&fs=true&language=es&qid=1720022541&ref=sr_nr_p_72_1&ds=v1%3A8mhbLde6ZhX2yIEWN%2BD%2F7iFEuxRWglYBNYFDppZzOzs
60,MCO436413,https://www.amazon.com/-/es/s?i=lawngarden&bbn=2972638011&rh=n%3A553840%2Cp_85%3A2470955011%2Cp_72%3A2661618011&dc&fs=true&language=es&qid=1720022545&ref=sr_nr_p_72_1&ds=v1%3AUfeK9MaNvccuOQWcV9Yd8%2FsHB1jKAR5sYsIbKFAHXwo
30,MCO176651,https://www.amazon.com/-/es/s?i=lawngarden&bbn=2972638011&rh=n%3A3742471%2Cp_85%3A2470955011%2Cp_72%3A2661618011&dc&fs=true&language=es&qid=1720022549&ref=sr_nr_p_72_1&ds=v1%3AaO5yJMY0T2PYa%2Fch7%2BFaoKmVryooUKZkox2GjVq9urk
60,MCO176651,https://www.amazon.com/-/es/s?i=lawngarden&bbn=2972638011&rh=n%3A3742561%2Cp_85%3A2470955011%2Cp_72%3A2661618011&dc&fs=true&language=es&qid=1720022554&ref=sr_nr_p_72_1&ds=v1%3Au8D0mSc8b3B589pnJ4nuljhjLjaw7dZo%2B0%2F4iYPnzmE
50,MCO179556,https://www.amazon.com/-/es/s?i=lawngarden&bbn=2972638011&rh=n%3A3742561%2Cp_85%3A2470955011%2Cp_72%3A2661618011&dc&fs=true&language=es&qid=1720023214&ref=sr_nr_p_72_1&ds=v1%3ApBGrorEgiAY%2FzuTmJWSSyhYyMmXINDVw1TMPrq9FCgc
45,MCO176651,https://www.amazon.com/-/es/s?i=lawngarden&bbn=2972638011&rh=n%3A9001159011%2Cp_85%3A2470955011%2Cp_72%3A2661618011&dc&fs=true&language=es&qid=1720022563&ref=sr_nr_p_72_1&ds=v1%3Awg84wEgQsY71YVbJdcC7D8xpwUCFnQqqFEJs%2B1L0M34
40,MCO176651,https://www.amazon.com/s?i=lawngarden&bbn=2972638011&rh=n%3A14702649011%2Cp_85%3A2470955011%2Cp_72%3A2661618011&dc&fs=true&language=es&ds=v1%3AOifTzH8mCUHu0gbj2CbwUaG4%2BUSQD964YPHWf7etRZw&qid=1720022567&ref=sr_nr_p_72_1
60,MCO176651,https://www.amazon.com/s?i=lawngarden&bbn=2972638011&rh=n%3A3742511%2Cp_85%3A2470955011%2Cp_72%3A2661618011&dc&fs=true&language=es&ds=v1%3As6N6blO1mg8%2BktqGZ7D96l%2B8IQET3CrWcZGvOzVtje8&qid=1720022578&ref=sr_nr_p_72_1
70,MCO176651,https://www.amazon.com/s?i=lawngarden&bbn=2972638011&rh=n%3A3614851011%2Cp_85%3A2470955011%2Cp_72%3A2661618011&dc&fs=true&language=es&ds=v1%3A7pJd2MaicVlBpSJSOl657oQ3NH8DeFZoIb6giCEPIi0&qid=1720022582&ref=sr_nr_p_72_1
15,MCO411913,https://www.amazon.com/-/es/s?keywords=Juegos+de+Herramientas+de+Jardinería&i=lawngarden&rh=n%3A3614854011%2Cp_85%3A2470955011%2Cp_72%3A2661618011&dc&language=es&c=ts&qid=1720023462&ts_id=3614854011&ref=sr_nr_p_72_1&ds=v1%3Ai9tg%2BiUPR2JeCj8fjpBxRIcnVu7prlYybhRrdKVgfOE
3,MCO170294,https://www.amazon.com/-/es/s?keywords=Trampas+para+Control+de+Plagas&i=lawngarden&rh=n%3A3737901%2Cp_85%3A2470955011%2Cp_72%3A2661618011&dc&language=es&c=ts&qid=1720023498&ts_id=3737901&ref=sr_nr_p_72_1&ds=v1%3AlvRRf7Qzdd9OruXeObQXUcKphKzQ%2BRhgYpgD7Z6HvfA
15,MCO170294,https://www.amazon.com/-/es/s?i=lawngarden&bbn=2972638011&rh=n%3A23539052011%2Cp_85%3A2470955011%2Cp_72%3A2661618011&dc&fs=true&language=es&qid=1720023512&ref=sr_nr_p_72_1&ds=v1%3AvjchRkY3FwSZgHv0AbQecvmJd%2Bo4LKb6l9kFqVZdNUc
5,MCO176766,https://www.amazon.com/-/es/s?i=lawngarden&bbn=2972638011&rh=n%3A23539054011%2Cp_85%3A2470955011%2Cp_72%3A2661618011&dc&fs=true&language=es&qid=1720023525&ref=sr_nr_p_72_1&ds=v1%3ACb5A%2FxCWvBTstXNzH%2Bq4I2k4vUR92PFW27iIfAeFfGE
15,MCO170294,https://www.amazon.com/-/es/s?i=lawngarden&bbn=2972638011&rh=n%3A23539053011%2Cp_85%3A2470955011%2Cp_72%3A2661618011&dc&fs=true&language=es&qid=1720023536&ref=sr_nr_p_72_1&ds=v1%3AvY2l0cpuma5RXNUCfDEgtOC28O4YW2HR9U5Hu64IZ14
8,MCO373509,https://www.amazon.com/-/es/s?keywords=Matamoscas+Eléctricos&i=lawngarden&rh=n%3A3738021%2Cp_85%3A2470955011%2Cp_72%3A2661618011&dc&language=es&c=ts&qid=1720023543&ts_id=3738021&ref=sr_nr_p_72_1&ds=v1%3AtYhRzvQjAQuZBonqL3YvrcUw9I9t7spKt1CCY3RjAIU
5,MCO176766,https://www.amazon.com/-/es/s?keywords=Anzuelos+y+Cebos+para+Control+de+Plagas&i=lawngarden&rh=n%3A3737941%2Cp_85%3A2470955011%2Cp_72%3A2661618011&dc&language=es&c=ts&qid=1720023548&ts_id=3737941&ref=sr_nr_p_72_1&ds=v1%3A0qln8R1eLbXn6Xsq8iYudPURcGEIepGNoHoNHa7TTQg
5,MCO373509,https://www.amazon.com/-/es/s?keywords=Matamoscas&i=lawngarden&rh=n%3A13638746011%2Cp_85%3A2470955011%2Cp_72%3A2661618011&dc&language=es&c=ts&qid=1720023554&ts_id=13638746011&ref=sr_nr_p_72_1&ds=v1%3A3YguO7IJIO5voL3Sk2OGVHRCLliSeaUCLe97BbL8D4o
45,MCO433553,https://www.amazon.com/-/es/s?keywords=Podadoras+y+Tractores&i=lawngarden&rh=n%3A128066011%2Cp_85%3A2470955011%2Cp_72%3A2661618011&dc&language=es&c=ts&qid=1720023580&ts_id=128066011&ref=sr_nr_p_72_1&ds=v1%3AzoE9z1oWT1eG2voQo%2F56QG8FA1e7F92z0WRXGfN4kII
140,MCO373483,https://www.amazon.com/-/es/s?keywords=Cobertizos+de+Almacenamiento&i=lawngarden&rh=n%3A13400671%2Cp_85%3A2470955011%2Cp_72%3A2661618011&dc&language=es&c=ts&qid=1720023597&ts_id=13400671&ref=sr_nr_p_72_1&ds=v1%3AGiqcuQthrTNnWqEG19DGNrUTn8i%2Bz2%2BFVv5q4Ewyrfk
35,MCO432776,https://www.amazon.com/-/es/s?keywords=Cajas+para+Cubierta&i=lawngarden&rh=n%3A671804011%2Cp_85%3A2470955011%2Cp_72%3A2661618011&dc&language=es&c=ts&qid=1720023602&ts_id=671804011&ref=sr_nr_p_72_1&ds=v1%3A078qhj7hvAsw%2FxT9cbUUCfKD3vstvk%2BGYEJbaUq4x3w
100,MCO441848,https://www.amazon.com/-/es/s?keywords=Cocheras+Abiertas&i=lawngarden&rh=n%3A13638750011%2Cp_85%3A2470955011%2Cp_72%3A2661618011&dc&language=es&c=ts&qid=1720023607&ts_id=13638750011&ref=sr_nr_p_72_1&ds=v1%3AreQL37ZY%2FLdteqQ6HwHrleEr7opv2fdtteQSFZqlVmI
60,MCO165943,https://www.amazon.com/-/es/s?keywords=Fogatas+y+Chimeneas+Exteriores&i=lawngarden&rh=n%3A9001138011%2Cp_85%3A2470955011%2Cp_72%3A2661618011&dc&language=es&c=ts&qid=1720023624&ts_id=9001138011&ref=sr_nr_p_72_1&ds=v1%3AbVNgOYolJEiQk6zGgbN1xeB3MIXfi%2BtjYYZV6TWipGQ
40,MCO457280,https://www.amazon.com/-/es/s?keywords=Calentadores+de+Patio&i=lawngarden&rh=n%3A553782%2Cp_85%3A2470955011%2Cp_72%3A2661618011&dc&language=es&c=ts&qid=1720023631&ts_id=553782&ref=sr_nr_p_72_1&ds=v1%3AOglqYai5THnnFLcamGFNT9Yi%2BbXgrLX72ol08yOZVNs
200,MCO417845,https://www.amazon.com/-/es/s?keywords=Parrillas+Exteriores&i=lawngarden&rh=n%3A328983011%2Cp_85%3A2470955011%2Cp_72%3A2661618011&dc&language=es&c=ts&qid=1720023636&ts_id=328983011&ref=sr_nr_p_72_1&ds=v1%3AGfSWfGvCIW3BPC8btdqtK3W6sZSSlcO7dnqqm3K9Rws
65,MCO441820,https://www.amazon.com/-/es/s?k=outdoor+furniture&i=lawngarden&rh=n%3A553824%2Cp_85%3A2470955011%2Cp_72%3A2661618011&dc&language=es&pf_rd_p=dc7f4df1-17d6-4a0e-90fe-ae3d60987054&pf_rd_r=V6FT7YCZ3HERJ59QZH1M&qid=1720023649&ref=sr_nr_p_72_1&ds=v1%3A5Q3FBNz%2FTofX3wo%2BuY8sSebyGR%2ByyinLGljc2WyyBOg
30,MCO115346,https://www.amazon.com/-/es/s?i=tools&rh=n%3A495362%2Cp_85%3A2470955011%2Cp_72%3A1248909011&dc&fs=true&language=es&qid=1720024403&ref=sr_nr_p_72_1&ds=v1%3AetWohlahbi7jFWrFPP0yvg5Rh8WX8t0dhvnNnZ8ISOo
10,MCO167812,https://www.amazon.com/-/es/s?keywords=Iluminación+Colgante&i=tools&rh=n%3A3736681%2Cp_85%3A2470955011%2Cp_72%3A1248909011&dc&language=es&c=ts&qid=1720024485&ts_id=3736681&ref=sr_nr_p_72_1&ds=v1%3AlCZgBa9xkESZWmEEpeQuqYpmqVFlQGpB57HGKiEcDLY
30,MCO164762,https://www.amazon.com/-/es/s?keywords=Candelabros&i=tools&rh=n%3A3736671%2Cp_85%3A2470955011%2Cp_72%3A1248909011&dc&language=es&c=ts&qid=1720024471&ts_id=3736671&ref=sr_nr_p_72_1&ds=v1%3A4AXyGhQAuGiG%2FjqKbWp%2FTSRxe1Lu6we2Y3LSsG6xmOQ
10,MCO167810,https://www.amazon.com/-/es/s?keywords=Reflectores&i=tools&rh=n%3A5486418011%2Cp_85%3A2470955011&dc&c=ts&qid=1720024463&ts_id=5486418011&ref=sr_nr_p_85_1&ds=v1%3AIOz%2BIqrp%2BlKAuyggHQfBNAbz36V9aHSZ9QN6577KAxI
7,MCO167810,https://www.amazon.com/-/es/s?keywords=Productos+de+Luz+Comerciales&i=tools&rh=n%3A5772192011%2Cp_85%3A2470955011%2Cp_72%3A1248909011&dc&language=es&c=ts&qid=1720024526&ts_id=5772192011&ref=sr_nr_p_72_1&ds=v1%3ACUqRKtMyanuwlK%2BwND%2FJJjxo4Uk%2BC68yNh8eFwXP3%2Bs
6,MCO441770,https://www.amazon.com/-/es/s?keywords=Lámparas+de+Interior&i=tools&rh=n%3A3736561%2Cp_85%3A2470955011%2Cp_72%3A1248909011&dc&language=es&c=ts&qid=1720024680&ts_id=3736561&ref=sr_nr_p_72_1&ds=v1%3AF165yzh3bECv2%2F%2BbBl5qblh4FfwTZioFu16nAIJh9Ik
4,MCO399139,https://www.amazon.com/-/es/s?keywords=Iluminación+Nocturna+de+Interior&i=tools&rh=n%3A3736651%2Cp_85%3A2470955011%2Cp_72%3A1248909011&dc&language=es&c=ts&qid=1720025080&ts_id=3736651&ref=sr_nr_p_72_1&ds=v1%3AqjahWKRc9RaQL090SqmA60PYh14jJQmlI6cFL46ljSQ
6,MCO399139,https://www.amazon.com/-/es/s?keywords=Focos+de+Pared+de+Interior&i=tools&rh=n%3A14325471%2Cp_85%3A2470955011%2Cp_72%3A1248909011&dc&language=es&c=ts&qid=1720025117&ts_id=14325471&ref=sr_nr_p_72_1&ds=v1%3ABuybcmCi%2FkUWJ9ttsf7vvtsI4%2B46ZuhKvC6VKvObw6c
4,MCO441838,https://www.amazon.com/-/es/b/ref=s9_acss_bw_cg_FAHPCat_2b1_w?node=6685278011&pf_rd_m=ATVPDKIKX0DER&pf_rd_s=merchandised-search-3&pf_rd_r=ZSN99BMADXDQEY8NV5ZP&pf_rd_t=101&pf_rd_p=a5c85c97-82ec-4421-81b9-2098029ebe1f&pf_rd_i=6685269011
3,MCO441837,https://www.amazon.com/-/es/b/ref=s9_acss_bw_cg_FAHPCat_2c1_w?node=6685279011&pf_rd_m=ATVPDKIKX0DER&pf_rd_s=merchandised-search-3&pf_rd_r=ZSN99BMADXDQEY8NV5ZP&pf_rd_t=101&pf_rd_p=a5c85c97-82ec-4421-81b9-2098029ebe1f&pf_rd_i=6685269011
2,MCO7175,https://www.amazon.com/-/es/b/ref=s9_acss_bw_cg_FAHPCat_2e1_w?node=6685280011&pf_rd_m=ATVPDKIKX0DER&pf_rd_s=merchandised-search-3&pf_rd_r=ZSN99BMADXDQEY8NV5ZP&pf_rd_t=101&pf_rd_p=a5c85c97-82ec-4421-81b9-2098029ebe1f&pf_rd_i=6685269011